<?xml version="1.0"?>
<font>
  <info face="Mecha" size="50" bold="0" italic="0" charset="" unicode="1" stretchH="100" smooth="1" aa="1" padding="0,0,0,0" spacing="1,1" outline="0"/>
  <common lineHeight="50" base="43" scaleW="256" scaleH="256" pages="1" packed="0" alphaChnl="0" redChnl="4" greenChnl="4" blueChnl="4"/>
  <pages>
    <page id="0" file="mecha_0.png" />
  </pages>
  <chars count="109">
    <char id="32" x="252" y="35" width="3" height="1" xoffset="-1" yoffset="49" xadvance="12" page="0" chnl="15" />
    <char id="33" x="9" y="152" width="5" height="34" xoffset="2" yoffset="9" xadvance="9" page="0" chnl="15" />
    <char id="34" x="54" y="203" width="11" height="9" xoffset="2" yoffset="9" xadvance="15" page="0" chnl="15" />
    <char id="35" x="223" y="0" width="20" height="34" xoffset="2" yoffset="9" xadvance="25" page="0" chnl="15" />
    <char id="36" x="36" y="41" width="17" height="34" xoffset="2" yoffset="9" xadvance="21" page="0" chnl="15" />
    <char id="37" x="54" y="41" width="17" height="34" xoffset="2" yoffset="9" xadvance="21" page="0" chnl="15" />
    <char id="38" x="72" y="41" width="17" height="34" xoffset="2" yoffset="9" xadvance="21" page="0" chnl="15" />
    <char id="39" x="96" y="202" width="5" height="6" xoffset="2" yoffset="9" xadvance="9" page="0" chnl="15" />
    <char id="40" x="54" y="0" width="8" height="40" xoffset="2" yoffset="6" xadvance="12" page="0" chnl="15" />
    <char id="41" x="63" y="0" width="8" height="40" xoffset="2" yoffset="6" xadvance="12" page="0" chnl="15" />
    <char id="42" x="66" y="203" width="11" height="9" xoffset="2" yoffset="9" xadvance="15" page="0" chnl="15" />
    <char id="43" x="183" y="166" width="17" height="15" xoffset="2" yoffset="22" xadvance="21" page="0" chnl="15" />
    <char id="44" x="249" y="165" width="5" height="9" xoffset="2" yoffset="40" xadvance="9" page="0" chnl="15" />
    <char id="45" x="102" y="202" width="17" height="3" xoffset="2" yoffset="28" xadvance="21" page="0" chnl="15" />
    <char id="46" x="12" y="41" width="5" height="3" xoffset="2" yoffset="40" xadvance="9" page="0" chnl="15" />
    <char id="47" x="96" y="0" width="20" height="37" xoffset="2" yoffset="6" xadvance="25" page="0" chnl="15" />
    <char id="48" x="162" y="35" width="17" height="34" xoffset="2" yoffset="9" xadvance="21" page="0" chnl="15" />
    <char id="49" x="0" y="152" width="8" height="34" xoffset="2" yoffset="9" xadvance="12" page="0" chnl="15" />
    <char id="50" x="198" y="35" width="17" height="34" xoffset="2" yoffset="9" xadvance="21" page="0" chnl="15" />
    <char id="51" x="216" y="35" width="17" height="34" xoffset="2" yoffset="9" xadvance="21" page="0" chnl="15" />
    <char id="52" x="234" y="35" width="17" height="34" xoffset="2" yoffset="9" xadvance="21" page="0" chnl="15" />
    <char id="53" x="0" y="82" width="17" height="34" xoffset="2" yoffset="9" xadvance="21" page="0" chnl="15" />
    <char id="54" x="144" y="35" width="17" height="34" xoffset="2" yoffset="9" xadvance="21" page="0" chnl="15" />
    <char id="55" x="144" y="105" width="17" height="34" xoffset="2" yoffset="9" xadvance="21" page="0" chnl="15" />
    <char id="56" x="216" y="105" width="17" height="34" xoffset="2" yoffset="9" xadvance="21" page="0" chnl="15" />
    <char id="57" x="198" y="105" width="17" height="34" xoffset="2" yoffset="9" xadvance="21" page="0" chnl="15" />
    <char id="58" x="159" y="166" width="5" height="24" xoffset="2" yoffset="19" xadvance="9" page="0" chnl="15" />
    <char id="59" x="141" y="143" width="5" height="30" xoffset="2" yoffset="19" xadvance="9" page="0" chnl="15" />
    <char id="60" x="201" y="166" width="14" height="15" xoffset="2" yoffset="22" xadvance="18" page="0" chnl="15" />
    <char id="61" x="36" y="203" width="17" height="9" xoffset="2" yoffset="25" xadvance="21" page="0" chnl="15" />
    <char id="62" x="216" y="166" width="14" height="15" xoffset="2" yoffset="22" xadvance="18" page="0" chnl="15" />
    <char id="63" x="18" y="76" width="17" height="34" xoffset="2" yoffset="9" xadvance="21" page="0" chnl="15" />
    <char id="64" x="138" y="0" width="36" height="34" xoffset="5" yoffset="9" xadvance="46" page="0" chnl="15" />
    <char id="65" x="54" y="76" width="17" height="34" xoffset="2" yoffset="9" xadvance="21" page="0" chnl="15" />
    <char id="66" x="72" y="76" width="17" height="34" xoffset="2" yoffset="9" xadvance="21" page="0" chnl="15" />
    <char id="67" x="90" y="76" width="17" height="34" xoffset="2" yoffset="9" xadvance="21" page="0" chnl="15" />
    <char id="68" x="108" y="73" width="17" height="34" xoffset="2" yoffset="9" xadvance="21" page="0" chnl="15" />
    <char id="69" x="126" y="73" width="17" height="34" xoffset="2" yoffset="9" xadvance="21" page="0" chnl="15" />
    <char id="70" x="144" y="70" width="17" height="34" xoffset="2" yoffset="9" xadvance="21" page="0" chnl="15" />
    <char id="71" x="162" y="70" width="17" height="34" xoffset="2" yoffset="9" xadvance="21" page="0" chnl="15" />
    <char id="72" x="180" y="70" width="17" height="34" xoffset="2" yoffset="9" xadvance="21" page="0" chnl="15" />
    <char id="73" x="21" y="146" width="5" height="34" xoffset="2" yoffset="9" xadvance="9" page="0" chnl="15" />
    <char id="74" x="216" y="70" width="17" height="34" xoffset="2" yoffset="9" xadvance="21" page="0" chnl="15" />
    <char id="75" x="234" y="70" width="17" height="34" xoffset="2" yoffset="9" xadvance="21" page="0" chnl="15" />
    <char id="76" x="0" y="117" width="17" height="34" xoffset="2" yoffset="9" xadvance="21" page="0" chnl="15" />
    <char id="77" x="199" y="0" width="23" height="34" xoffset="2" yoffset="9" xadvance="27" page="0" chnl="15" />
    <char id="78" x="36" y="111" width="17" height="34" xoffset="2" yoffset="9" xadvance="21" page="0" chnl="15" />
    <char id="79" x="54" y="111" width="17" height="34" xoffset="2" yoffset="9" xadvance="21" page="0" chnl="15" />
    <char id="80" x="72" y="111" width="17" height="34" xoffset="2" yoffset="9" xadvance="21" page="0" chnl="15" />
    <char id="81" x="12" y="0" width="17" height="40" xoffset="2" yoffset="9" xadvance="21" page="0" chnl="15" />
    <char id="82" x="108" y="108" width="17" height="34" xoffset="2" yoffset="9" xadvance="21" page="0" chnl="15" />
    <char id="83" x="126" y="108" width="17" height="34" xoffset="2" yoffset="9" xadvance="21" page="0" chnl="15" />
    <char id="84" x="0" y="47" width="17" height="34" xoffset="2" yoffset="9" xadvance="21" page="0" chnl="15" />
    <char id="85" x="126" y="38" width="17" height="34" xoffset="2" yoffset="9" xadvance="21" page="0" chnl="15" />
    <char id="86" x="198" y="70" width="17" height="34" xoffset="2" yoffset="9" xadvance="21" page="0" chnl="15" />
    <char id="87" x="175" y="0" width="23" height="34" xoffset="2" yoffset="9" xadvance="27" page="0" chnl="15" />
    <char id="88" x="36" y="76" width="17" height="34" xoffset="2" yoffset="9" xadvance="21" page="0" chnl="15" />
    <char id="89" x="18" y="111" width="17" height="34" xoffset="2" yoffset="9" xadvance="21" page="0" chnl="15" />
    <char id="90" x="90" y="111" width="17" height="34" xoffset="2" yoffset="9" xadvance="21" page="0" chnl="15" />
    <char id="91" x="72" y="0" width="8" height="40" xoffset="2" yoffset="6" xadvance="12" page="0" chnl="15" />
    <char id="92" x="117" y="0" width="20" height="37" xoffset="2" yoffset="6" xadvance="25" page="0" chnl="15" />
    <char id="93" x="81" y="0" width="8" height="40" xoffset="2" yoffset="6" xadvance="12" page="0" chnl="15" />
    <char id="94" x="231" y="165" width="17" height="13" xoffset="2" yoffset="9" xadvance="21" page="0" chnl="15" />
    <char id="95" x="120" y="202" width="17" height="3" xoffset="2" yoffset="46" xadvance="21" page="0" chnl="15" />
    <char id="96" x="147" y="166" width="8" height="6" xoffset="2" yoffset="0" xadvance="12" page="0" chnl="15" />
    <char id="97" x="0" y="187" width="17" height="24" xoffset="2" yoffset="19" xadvance="21" page="0" chnl="15" />
    <char id="98" x="108" y="38" width="17" height="34" xoffset="2" yoffset="9" xadvance="21" page="0" chnl="15" />
    <char id="99" x="18" y="187" width="17" height="24" xoffset="2" yoffset="19" xadvance="21" page="0" chnl="15" />
    <char id="100" x="90" y="41" width="17" height="34" xoffset="2" yoffset="9" xadvance="21" page="0" chnl="15" />
    <char id="101" x="36" y="178" width="17" height="24" xoffset="2" yoffset="19" xadvance="21" page="0" chnl="15" />
    <char id="102" x="234" y="105" width="14" height="34" xoffset="2" yoffset="9" xadvance="18" page="0" chnl="15" />
    <char id="103" x="87" y="146" width="17" height="30" xoffset="2" yoffset="19" xadvance="21" page="0" chnl="15" />
    <char id="104" x="18" y="41" width="17" height="34" xoffset="2" yoffset="9" xadvance="21" page="0" chnl="15" />
    <char id="105" x="249" y="105" width="5" height="34" xoffset="2" yoffset="9" xadvance="9" page="0" chnl="15" />
    <char id="106" x="90" y="0" width="5" height="40" xoffset="2" yoffset="9" xadvance="9" page="0" chnl="15" />
    <char id="107" x="180" y="105" width="17" height="34" xoffset="2" yoffset="9" xadvance="21" page="0" chnl="15" />
    <char id="108" x="15" y="152" width="5" height="34" xoffset="2" yoffset="9" xadvance="9" page="0" chnl="15" />
    <char id="109" x="231" y="140" width="23" height="24" xoffset="2" yoffset="19" xadvance="27" page="0" chnl="15" />
    <char id="110" x="72" y="178" width="17" height="24" xoffset="2" yoffset="19" xadvance="21" page="0" chnl="15" />
    <char id="111" x="90" y="177" width="17" height="24" xoffset="2" yoffset="19" xadvance="21" page="0" chnl="15" />
    <char id="112" x="105" y="146" width="17" height="30" xoffset="2" yoffset="19" xadvance="21" page="0" chnl="15" />
    <char id="113" x="123" y="143" width="17" height="30" xoffset="2" yoffset="19" xadvance="21" page="0" chnl="15" />
    <char id="114" x="144" y="174" width="14" height="24" xoffset="2" yoffset="19" xadvance="18" page="0" chnl="15" />
    <char id="115" x="108" y="177" width="17" height="24" xoffset="2" yoffset="19" xadvance="21" page="0" chnl="15" />
    <char id="116" x="244" y="0" width="11" height="34" xoffset="2" yoffset="9" xadvance="15" page="0" chnl="15" />
    <char id="117" x="213" y="140" width="17" height="25" xoffset="2" yoffset="18" xadvance="21" page="0" chnl="15" />
    <char id="118" x="195" y="140" width="17" height="25" xoffset="2" yoffset="18" xadvance="21" page="0" chnl="15" />
    <char id="119" x="171" y="140" width="23" height="25" xoffset="2" yoffset="18" xadvance="27" page="0" chnl="15" />
    <char id="120" x="126" y="174" width="17" height="24" xoffset="2" yoffset="19" xadvance="21" page="0" chnl="15" />
    <char id="121" x="51" y="146" width="17" height="31" xoffset="2" yoffset="18" xadvance="21" page="0" chnl="15" />
    <char id="122" x="54" y="178" width="17" height="24" xoffset="2" yoffset="19" xadvance="21" page="0" chnl="15" />
    <char id="123" x="42" y="0" width="11" height="40" xoffset="2" yoffset="6" xadvance="15" page="0" chnl="15" />
    <char id="124" x="6" y="0" width="5" height="46" xoffset="2" yoffset="3" xadvance="9" page="0" chnl="15" />
    <char id="125" x="30" y="0" width="11" height="40" xoffset="2" yoffset="6" xadvance="15" page="0" chnl="15" />
    <char id="126" x="0" y="212" width="17" height="9" xoffset="2" yoffset="25" xadvance="21" page="0" chnl="15" />
    <char id="161" x="27" y="146" width="5" height="34" xoffset="2" yoffset="9" xadvance="9" page="0" chnl="15" />
    <char id="162" x="180" y="35" width="17" height="34" xoffset="2" yoffset="9" xadvance="21" page="0" chnl="15" />
    <char id="163" x="33" y="146" width="17" height="31" xoffset="2" yoffset="9" xadvance="21" page="0" chnl="15" />
    <char id="164" x="165" y="166" width="17" height="15" xoffset="2" yoffset="19" xadvance="21" page="0" chnl="15" />
    <char id="166" x="0" y="0" width="5" height="46" xoffset="2" yoffset="3" xadvance="9" page="0" chnl="15" />
    <char id="168" x="21" y="181" width="11" height="3" xoffset="2" yoffset="3" xadvance="15" page="0" chnl="15" />
    <char id="172" x="18" y="212" width="17" height="9" xoffset="2" yoffset="25" xadvance="21" page="0" chnl="15" />
    <char id="174" x="147" y="140" width="23" height="25" xoffset="2" yoffset="9" xadvance="27" page="0" chnl="15" />
    <char id="175" x="138" y="199" width="17" height="3" xoffset="2" yoffset="3" xadvance="21" page="0" chnl="15" />
    <char id="180" x="78" y="203" width="8" height="6" xoffset="2" yoffset="3" xadvance="12" page="0" chnl="15" />
    <char id="181" x="69" y="146" width="17" height="31" xoffset="2" yoffset="18" xadvance="21" page="0" chnl="15" />
    <char id="183" x="156" y="199" width="5" height="3" xoffset="2" yoffset="25" xadvance="9" page="0" chnl="15" />
    <char id="184" x="87" y="203" width="8" height="6" xoffset="5" yoffset="43" xadvance="15" page="0" chnl="15" />
    <char id="191" x="162" y="105" width="17" height="34" xoffset="2" yoffset="9" xadvance="21" page="0" chnl="15" />
  </chars>
</font>
